cookie,timestamp
c10Ca320bACCcBaD,2018-12-09
00CbaaD2D0b1cDAD,2018-12-09
c10Ca320bACCcBaD,2018-12-08
A12A0102Abb2A1A0,2018-12-09
a0132a3a00B000CB,2018-12-08
0D3C22bacC1b3212,2018-12-09
a0132a3a00B000CB,2018-12-09
1BbACD11Ab1BB0aB,2018-12-08
0D3C22bacC1b3212,2018-12-09
a0132a3a00B000CB,2018-12-09
cDDaa22b3BA321B1,2018-12-08
0D3C22bacC1b3212,2018-12-09
00CbaaD2D0b1cDAD,2018-12-09
1BbACD11Ab1BB0aB,2018-12-08
cDDaa22b3BA321B1,2018-12-08
20BAbDCD1cB3a0b1,2018-12-09
1BbACD11Ab1BB0aB,2018-12-09
A12A0102Abb2A1A0,2018-12-09
a0132a3a00B000CB,2018-12-09
A12A0102Abb2A1A0,2018-12-09
DaCAa001C2AB1aBa,2018-12-08
0D3C22bacC1b3212,2018-12-09
A12A0102Abb2A1A0,2018-12-09
a0132a3a00B000CB,2018-12-09
20BAbDCD1cB3a0b1,2018-12-08
DaCAa001C2AB1aBa,2018-12-08
0D3C22bacC1b3212,2018-12-09
0D3C22bacC1b3212,2018-12-09
c10Ca320bACCcBaD,2018-12-08
a0132a3a00B000CB,2018-12-09
cDDaa22b3BA321B1,2018-12-09
20BAbDCD1cB3a0b1,2018-12-09
DaCAa001C2AB1aBa,2018-12-08
cDDaa22b3BA321B1,2018-12-09
DaCAa001C2AB1aBa,2018-12-08
cDDaa22b3BA321B1,2018-12-09
20BAbDCD1cB3a0b1,2018-12-08
0D3C22bacC1b3212,2018-12-09
1BbACD11Ab1BB0aB,2018-12-09
1BbACD11Ab1BB0aB,2018-12-09
20BAbDCD1cB3a0b1,2018-12-08
DaCAa001C2AB1aBa,2018-12-09
c10Ca320bACCcBaD,2018-12-08
20BAbDCD1cB3a0b1,2018-12-08
c10Ca320bACCcBaD,2018-12-09
A12A0102Abb2A1A0,2018-12-09
A12A0102Abb2A1A0,2018-12-09
c10Ca320bACCcBaD,2018-12-09
c10Ca320bACCcBaD,2018-12-09
DaCAa001C2AB1aBa,2018-12-08
20BAbDCD1cB3a0b1,2018-12-08
00CbaaD2D0b1cDAD,2018-12-09
a0132a3a00B000CB,2018-12-08
1BbACD11Ab1BB0aB,2018-12-08
A12A0102Abb2A1A0,2018-12-09
DaCAa001C2AB1aBa,2018-12-09
0D3C22bacC1b3212,2018-12-09
20BAbDCD1cB3a0b1,2018-12-09
DaCAa001C2AB1aBa,2018-12-09
0D3C22bacC1b3212,2018-12-09
a0132a3a00B000CB,2018-12-09
cDDaa22b3BA321B1,2018-12-09
20BAbDCD1cB3a0b1,2018-12-09
cDDaa22b3BA321B1,2018-12-09
20BAbDCD1cB3a0b1,2018-12-09
DaCAa001C2AB1aBa,2018-12-08
DaCAa001C2AB1aBa,2018-12-08
20BAbDCD1cB3a0b1,2018-12-09
00CbaaD2D0b1cDAD,2018-12-09
A12A0102Abb2A1A0,2018-12-09
0D3C22bacC1b3212,2018-12-08
a0132a3a00B000CB,2018-12-09
A12A0102Abb2A1A0,2018-12-09
00CbaaD2D0b1cDAD,2018-12-09
a0132a3a00B000CB,2018-12-09
A12A0102Abb2A1A0,2018-12-09
00CbaaD2D0b1cDAD,2018-12-09
00CbaaD2D0b1cDAD,2018-12-09
20BAbDCD1cB3a0b1,2018-12-08
20BAbDCD1cB3a0b1,2018-12-09
A12A0102Abb2A1A0,2018-12-09
00CbaaD2D0b1cDAD,2018-12-09
cDDaa22b3BA321B1,2018-12-08
cDDaa22b3BA321B1,2018-12-09
c10Ca320bACCcBaD,2018-12-09
A12A0102Abb2A1A0,2018-12-09
c10Ca320bACCcBaD,2018-12-08
c10Ca320bACCcBaD,2018-12-09
1BbACD11Ab1BB0aB,2018-12-09
cDDaa22b3BA321B1,2018-12-09
00CbaaD2D0b1cDAD,2018-12-08
c10Ca320bACCcBaD,2018-12-09
a0132a3a00B000CB,2018-12-09
A12A0102Abb2A1A0,2018-12-08
1BbACD11Ab1BB0aB,2018-12-09
00CbaaD2D0b1cDAD,2018-12-09
0D3C22bacC1b3212,2018-12-09
c10Ca320bACCcBaD,2018-12-08
DaCAa001C2AB1aBa,2018-12-09
c10Ca320bACCcBaD,2018-12-08
